JobTitle,Company,Location
Programador Junior Java Script,Sorrix,"São José dos Campos, SP"
Desenvolvedor Java,MYP-7,"Home office in Ribeirão Preto, SP"
Desenvolvedor Java,Innolevels,"São Paulo, SP"
Desenvolvedor Java,G4F SOLUÇÕES CORPORATIVAS,"Home office in São Paulo, SP"
Desenvolvedor Java Backend Jr,Linked RH,"Indaiatuba, SP"
Estagiário (a/e) Java,Job Boards,"Home office in São Paulo, SP"
Desenvolvedor Fullstack Java,Innolevels,"São Paulo, SP"
,JR Consultoria,"Home office in São Paulo, SP"
Java Developer (Remoto/Brasil),Programmer’s,"Home office in São Paulo, SP"
,GFT Technologies SE,"Home office in Barueri, SP+1 local"
,Global TI,"Hybrid remote in São Paulo, SP"
DESENVOLVEDOR JAVA JUNIOR,Fernanda gestão empresarial,"Barueri, SP"
Desenvolvedor(a) Java Junior,Experian,"São Paulo, SP"
Pessoa Desenvolvedora Java,NAVA - Technology for Business,"Home office in São Paulo, SP"
Desenvolvedor Java Back-End,SeedTS Seed Technology Solutions,"Home office in São Paulo, SP"
